power,ddr3_mt41k64m16,fpga_lfe5u25,fx3_cyusb3014,flash_w25q32,hdmi_it6802,apl5338,other,comment
,A2/DQ13,A2/PL14A/7,,,,,,
,A3/DQ15,B1/PL14B/7,,,,,,
,A7/DQ12,F3/PL23B/7,,,,,,
,B8/DQ14,E1/PL17D/7,,,,,,
,C2/DQ11,C2/PL14D/7,,,,,,
,C3/DQ9,C1/PL17A/7,,,,,,
,C8/DQ10,E2/PL23D/7,,,,,,
,F7/DQ1,F1/PL26B/6,,,,,,
,H7/DQ7,J3/PL29C/6,,,,,,
,T7/NC?,K1/PL32D/6,,,,,,
,D7/DQ8,D1/PL17B/7,,,,,,
,F8/DQ3,G1/PL26D/6,,,,,,
,G2/DQ6,G2/PL26A/6,,,,,,
,H3/DQ4,L4/PL35C/6,,,,,,
,E3/DQ0,L5/PL35D/6,,,,,,
,R8/A6,M3/PL41B/6,,,,,,
,T3/NC?,M4/PL38A/6,,,,,,
,E7/LDM,J4/PL29A/6,,,,,,
,J3/RAS#,D3/PL8D/7,,,,,,
,K9/CKE,E4/PL8A/7,,,,,,
,P7/A1,L2/PL41D/6,,,,,,
,R3/A9,L1/PL44C/6,,,,,,
,T8/A8,L3/PL41C/6,,,,,,
,P2/A5,M1/PL44B/6,,,,,,
,N7/A12/BC#,N3/PL41A/6,,,,,,
,R7/A11,N2/PL44A/6,,,,,,
,N2/A3,P1/PL47A/6,,,,,,
,P3/A2,N1/PL44D/6,,,,,,
,N3/A0,P2/PL47B/6,,,,,,
,R2/A7,N4/PL38C/6,,,,,,
,P8/A4,N5/PL38B/6,,,,,,
,N8/BA1,A3/PL5C/7,,,,,,
,H8/DQ5,H1/PL32C/6,,,,,,
,L7/A10/AP,P5/PL38D/6,,,,,,
,F2/DQ2,K4/PL35A/6,,,,,,
,D3/UDM,H5/PL20C/7,,,,,,
,M3/BA2,B4/PL5B/7,,,,,,
,K1/ODT,B3/PL5D/7,,,,,,
,M2/BA0,C4/PL5A/7,,,,,,
,L2/CS#,B5/PL2C/7,,,,,,
,L3/WE#,D5/PL8B/7,,,,,,
,K3/CAS#,C3/PL8C/7,,,,,,
,J7/CK,A4/PL2A/7,,,,,,
,K7/CK#,A5/PL2B/7,,,,,,
,F3/LDQS,K2/PL32A/6,,,,,,
,G3/LDQS#,J1/PL32B/6,,,,,,
,B7/UDQS#,G5/PL20B/7,,,,,,
,C7/UDQS,H4/PL20A/7,,,,,,
,,,C1/GPIO54,1/#CS,,,,
,,,C2/GPIO55,2/DO/IO1,,,,
,,,D5/GPIO56,5/DI/IO0,,,,
,,,D4/GPIO53,6/CLK,,,,
,,T2/SN/CSN,D1/GPIO50,,,,,
,,U3/CCLK,D2/GPIO51,,,,,
,,W2/D0/IO0,D3/GPIO52,,,,,
,,V2/D1/IO1,C4/GPIO57,,,,,
,,C18/PR2A/2,E1/GPIO47,,,,,
,,C20/PR14A/2,G2/GPIO42,,,,,
,,D20/PR14C/2,H2/GPIO39,,,,,
,,D19/PR14B/2,J1/GPIO38,,,,,
,,E20/PR17A/2,J2/GPIO36,,,,,
,,E19/PR14D/2,K1/GPIO35,,,,,
,,F20/PR17C/2,K2/GPIO33,,,,,
,,F19/PR17B/2,J3/GPIO37,,,,,
,,G20/PR17D/2,J4/GPIO34,,,,,
,,G19/PR20A/2,H9/GPIO7,,,,,
,,H20/PR20B/2,K9/GPIO13,,,,,
,,R17/PR35D/3,H8/GPIO24,,,,,
,,P18/PR38D/3,D9/GPIO58,,14/PCSCL,,,
,,P19/PR38C/3,,,13/PCSDA,,,
,,M18/PR29D/3,K7/GPIO18,,,,,
,,L17/PR29B/3,K8/GPIO17,,,,,
,,U20/PR41D/3,H5/GPIO29,,,,,
,,P17/PR32D/3,G6/GPIO22,,,,,
,,N16/PR32A/3,J7/GPIO19,,,,,
,,D18/PR5A/2,G3/GPIO43,,,,,
,,D17/PR2B/2,H3/GPIO40,,,,,
,,E18/PR5C/2,F4/GPIO41,,,,,
,,F18/PR5D/2,F5/GPIO46,,,,,
,,E17/PR5B/2,G8/GPIO15,,,,,
,,E16/PR2C/2,E4/GPIO49,,,,,
,,F16/PR2D/2,F3/GPIO44,,,,,
,,G16/PR8C/2,E5/GPIO48,,,,,
,,H16/PR8D/2,F8/GPIO5,,,,,
,,H17/PR11B/2,F9/GPIO1,,,,,
,,H18/PR11A/2,G10/GPIO3,,,,,
,,F17/PR8A/2,G9/GPIO4,,,,,
,,G18/PR8B/2,J8/GPIO14,,,,,
,,J16/PR11D/2,F10/GPIO0,,,,,
,,J17/PR11C/2,F7/GPIO2,,,,,
,,J18/PR20C/2,K10/GPIO12,,,,,
,,J19/PR23A/2,J9/GPIO9,,,,,
,,J20/PR23C/2,L10/GPIO11,,,,,
,,K18/PR20D/2,H10/GPIO6,,,,,
,,K19/PR23B/2,J10/GPIO8,,,,,
,,K20/PR23D/2,K11/GPIO10,,,,,
,,L19/PR26C/3,J6/GPIO16,,,,,via Resistor
,,M17/PR32B/3,H7/GPIO20,,,,,
,,N18/PR32C/3,G7/GPIO21,,,,,
,,P20/PR41A/3,C5/RESET#,,,,,
,,T20/PR41C/3,J5/GPIO28,,,,,
GND,,R4/CFG_2/8,,,,,,via Resistor
GND,,T4/CFG_1/8,,,,,,via Resistor
VCC,,R5/TDI/40,,,,,,via Resistor
GND,,T5/TCK/40,,,,,,via Resistor
Supply,,U4/CFG_0/8,,,,,,via Resistor
VCC,,U5/TMS/40,,,,,,via Resistor
VCC,,R2/CSSPIN,,,,,,via Resistor
VCC,,T2/CSN,,,,,,via Resistor
VDQ,H1/VREFDQ,K5/PL35B/6,,,,,,
VDQ,M8/VREFCA,K5/PL35B/6,,,,,,
VREF,,B2/PL14C/7,,,,,,
???,,E5/PL11C/7,,,,,,
,T2/RESET#,C5,,,,,,
,,A6/PT4A/0,,,,,LED #1,via Resistor
,,C11/PT29B/0,,,,,LED #1,via Resistor
,,A9/PT24A/0,,,,,LED #2,via Resistor (NP)
,,C10/PT22B/0,,,,,LED #2,via Resistor (NP)
,,C7/PT11B/0,K5/GPIO27,,,,,
,,C8/PT15A/0,F2/GPIO45,,,,,
,,D7/PT9B/0,H6/GPIO26,,,,TR?,"via Resistor, I2C sel?"
10k GND,,,L4/GPIO32,,,,,
???,,,H4/GPIO31,,,,,via Resistor (NP)
???,,,G4/GPIO30,,,,,via Resistor
GND,,,B2/FSLC0,,,,FSLC,via Resistor
GND,,,B4/FSLC1,,,,FSLC,via Resistor
GND,,,E6/FSLC2,,,,FSLC,via Resistor
VIO5,,,B11/TRST#,,,,JTAG,via Resistor
VIO5,,,F6/TCK,,,,JTAG,via Resistor
VIO5,,,E7/TDI,,,,JTAG,via Resistor
VIO5,,,E8/TMS,,,,JTAG,via Resistor
GND,,,C8/R_USB2,,,,,via Resistor
???,,,B3/R_USB3,,,,,via Resistor
,,,K6/GPIO23,,,,,Reset via Z08P ?
,,B6/PT4B/0,,,1/QE8,,,
,,B9/PT22A/0,,,2/QE7,,,
,,E9/PT20B/0,,,3/QE6,,,
,,A8/PT18B/0,,,4/QE5,,,
,,A7/PT18A/0,,,5/QE4,,,
,,,,,6/OVDD,,,
,,,,,7/IVDD12,,,
,,C16/PT58A/1,,,8/DE,,,
,,D16/PT58B/1,,,9/HSYNC,,,
,,B17/PT60A/1,,,10/VSYNC,,,
,,,,,11/ENVBUS#,,Testpad/NC,
,,,G5/GPIO25,,12/INT#_CEC,,,
,,,,,15/IVDD12,,,
,,,,,16/DDCSDA0,,,
,,,,,17/DDCSCL0,,,
,,,,,18/R0PWR5V,,,
,,,,,19/CDSENSE,,,
,,,,,20/OVDD33,,,
,,,,,21/CBUS/HPD,,,NC
,,,,,22/AVCC12,,,
,,,,,23/PVCC12,,,
,,,,,24/PVCC33,,,
,,,,,25/AVCC33,,,
,,,,,26/RXCN,,,
,,,,,27/RXCP,,,
,,,,,28/RX0N,,,
,,,,,29/RX0P,,,
,,,,,30/AVCC33,,,
,,,,,31/RX1N,,,
,,,,,32/RX1P,,,
,,,,,33/RX2N,,,
,,,,,34/RX2P,,,
,,,,,35/AVCC33,,,
,,,,,36/DVDD12,,,
,,,,,37/APVDD12,,,
,,,,,38/XTALOUT,,,
,,,,,39/XTALIN,,,
,,,,,40/APVCC33,,,
,,A10/PT27A/0,,,41/MUTE/MCLK,,,via Resistor
,,B18/PT62B/1,,,42/I2S0,,,
,,,,,43/IVDD12,,,
,,,,,44/I2S1/3DR,,,NC
,,A17/PT62A/1,,,45/WS/SPDIF,,,
,,B12/PT35A/1,,,46/SCK/MCLK,,,
,,R20/PR41B/3,,,47/SYSRSTN,,,
,,,,,48/IVDD12,,,
OVDD,,,,,49/PCADR,,,via Resistor
,,,,,50/OVDD,,,
,,B16/PT56B/1,,,51/QE35,,,
,,A16/PT56A/1,,,52/QE34,,,
,,E15/PT53B/1,,,53/QE33,,,
,,D15/PT53A/1,,,54/QE32,,,
,,D15/PT53A/1,,,55/OVDD,,,
,,C15/PT51B/1,,,56/QE31,,,
,,B15/PT51A/1,,,57/QE30,,,
,,E14/PT49B/1,,,58/QE29,,,
,,D14/PT49A/1,,,59/QE28,,,
,,C14/PT47B/1,,,60/QE23,,,
,,A14/PT47A/1,,,61/QE22,,,
,,E13/PT44B/1,,,62/QE21,,,
,,,,,63/OVDD,,,
,,,,,64/IVDD12,,,
,,D13/PT44A/1,,,65/QE20,,,
,,C13/PT42B/1,,,66/QE19,,,
,,B13/PT42A/1,,,67/QE18,,,
,,A13/PT40B/1,,,68/QE17,,,
,,A12/PT40A/1,,,69/QE16,,,
,,,,,70/OVDD,,,
,,,,,71/IVDD12,,,
,,E7/PT9A/0,,,72/QE11,,,
,,D6/PT6B/0,,,73/QE10,,,
,,E6/PT6A/0,,,74/QE9,,,
,,D11/PT33A/1,,,75/PCLK,,,via Resistor
,,,,,76/OVDD,,,
